{
  "classes": [
    "Bullous Pemphigoid",
    "Healthy",
    "Pemphigus Foliaceus",
    "Pemphigus Vulgaris"
  ],
  "best_params": {
    "clf__max_depth": 5,
    "clf__max_features": "log2",
    "clf__min_samples_leaf": 4,
    "clf__min_samples_split": 2,
    "clf__n_estimators": 100
  },
  "accuracy": 0.2,
  "precision_macro": 0.19999999999999998,
  "recall_macro": 0.19614845938375353,
  "f1_macro": 0.19589743589743588,
  "roc_auc_ovr_macro": 0.45205069096507267,
  "confusion_matrix": [
    [
      5,
      5,
      5,
      2
    ],
    [
      7,
      2,
      1,
      5
    ],
    [
      3,
      5,
      3,
      3
    ],
    [
      7,
      3,
      2,
      2
    ]
  ],
  "classification_report": {
    "Bullous Pemphigoid": {
      "precision": 0.22727272727272727,
      "recall": 0.29411764705882354,
      "f1-score": 0.2564102564102564,
      "support": 17.0
    },
    "Healthy": {
      "precision": 0.13333333333333333,
      "recall": 0.13333333333333333,
      "f1-score": 0.13333333333333333,
      "support": 15.0
    },
    "Pemphigus Foliaceus": {
      "precision": 0.2727272727272727,
      "recall": 0.21428571428571427,
      "f1-score": 0.24,
      "support": 14.0
    },
    "Pemphigus Vulgaris": {
      "precision": 0.16666666666666666,
      "recall": 0.14285714285714285,
      "f1-score": 0.15384615384615385,
      "support": 14.0
    },
    "accuracy": 0.2,
    "macro avg": {
      "precision": 0.19999999999999998,
      "recall": 0.19614845938375353,
      "f1-score": 0.19589743589743588,
      "support": 60.0
    },
    "weighted avg": {
      "precision": 0.20025252525252527,
      "recall": 0.2,
      "f1-score": 0.1978803418803419,
      "support": 60.0
    }
  },
  "pv_class_metrics": {
    "precision": 0.16666666666666666,
    "recall": 0.14285714285714285,
    "f1-score": 0.15384615384615385,
    "support": 14.0
  }
}