{
  "selected_model": "extra_trees",
  "classes": [
    "Bullous Pemphigoid",
    "Healthy",
    "Pemphigus Foliaceus",
    "Pemphigus Vulgaris"
  ],
  "cv_f1_macro_at_selection": 0.2637389712860668,
  "accuracy": 0.13333333333333333,
  "precision_macro": 0.14342948717948717,
  "recall_macro": 0.13102240896358544,
  "f1_macro": 0.13060332390790005,
  "roc_auc_ovr_macro": 0.4325074457375356,
  "confusion_matrix": [
    [
      3,
      6,
      7,
      1
    ],
    [
      9,
      2,
      2,
      2
    ],
    [
      6,
      4,
      2,
      2
    ],
    [
      8,
      4,
      1,
      1
    ]
  ],
  "classification_report": {
    "Bullous Pemphigoid": {
      "precision": 0.11538461538461539,
      "recall": 0.17647058823529413,
      "f1-score": 0.13953488372093023,
      "support": 17.0
    },
    "Healthy": {
      "precision": 0.125,
      "recall": 0.13333333333333333,
      "f1-score": 0.12903225806451613,
      "support": 15.0
    },
    "Pemphigus Foliaceus": {
      "precision": 0.16666666666666666,
      "recall": 0.14285714285714285,
      "f1-score": 0.15384615384615385,
      "support": 14.0
    },
    "Pemphigus Vulgaris": {
      "precision": 0.16666666666666666,
      "recall": 0.07142857142857142,
      "f1-score": 0.1,
      "support": 14.0
    },
    "accuracy": 0.13333333333333333,
    "macro avg": {
      "precision": 0.14342948717948717,
      "recall": 0.13102240896358544,
      "f1-score": 0.13060332390790005,
      "support": 60.0
    },
    "weighted avg": {
      "precision": 0.14172008547008547,
      "recall": 0.13333333333333333,
      "f1-score": 0.1310237174678285,
      "support": 60.0
    }
  },
  "pv_class_metrics": {
    "precision": 0.16666666666666666,
    "recall": 0.07142857142857142,
    "f1-score": 0.1,
    "support": 14.0
  },
  "pv_screen": {
    "threshold": 0.05,
    "precision": 0.23333333333333334,
    "recall": 1.0,
    "f1_score": 0.3783783783783784,
    "confusion_matrix": [
      [
        0,
        46
      ],
      [
        0,
        14
      ]
    ]
  }
}